,Date,Open,High,Low,Close,Adj Close,Volume
0,2021-07-20,18.729999542236328,18.83799934387207,18.163999557495117,18.61199951171875,18.578418731689453,434687000
1,2021-07-21,18.881999969482422,19.527000427246094,18.742000579833984,19.40999984741211,19.374977111816406,371017000
2,2021-07-22,19.642000198364258,19.886999130249023,19.275999069213867,19.5939998626709,19.558643341064453,323826000
3,2021-07-23,19.6560001373291,19.700000762939453,19.25,19.558000564575195,19.522708892822266,195672000
4,2021-07-26,19.31100082397461,19.441999435424805,18.913999557495117,19.29400062561035,19.259185791015625,203943000
5,2021-07-27,19.264999389648438,19.621999740600586,18.740999221801758,19.20800018310547,19.173341751098633,248863000
6,2021-07-28,19.319000244140625,19.645999908447266,18.9950008392334,19.503000259399414,19.467809677124023,202191000
7,2021-07-29,19.518999099731445,19.85300064086914,19.327999114990234,19.66200065612793,19.62652015686035,190781000
8,2021-07-30,19.417999267578125,19.6299991607666,19.26300048828125,19.499000549316406,19.463817596435547,183497000
9,2021-08-02,19.700000762939453,19.961000442504883,19.361000061035156,19.75,19.71436309814453,217444000
10,2021-08-03,19.739999771118164,20.222000122070312,19.219999313354492,19.815000534057617,19.779247283935547,301811000
11,2021-08-04,19.989999771118164,20.31800079345703,19.827999114990234,20.27400016784668,20.23741340637207,231309000
12,2021-08-05,20.5,20.732999801635742,20.341999053955078,20.636999130249023,20.599763870239258,211435000
13,2021-08-06,20.52400016784668,20.56999969482422,20.209999084472656,20.365999221801758,20.329248428344727,178497000
14,2021-08-09,20.445999145507812,20.507999420166016,20.14299964904785,20.295000076293945,20.258377075195312,146443000
15,2021-08-10,20.32200050354004,20.43000030517578,19.834999084472656,19.93600082397461,19.90003204345703,179238000
16,2021-08-11,20.042999267578125,20.048999786376953,19.43000030517578,19.698999404907227,19.6634521484375,185925000
17,2021-08-12,19.8700008392334,20.02899932861328,19.6200008392334,19.905000686645508,19.869083404541016,151652000
18,2021-08-13,19.905000686645508,20.214000701904297,19.85099983215332,20.187999725341797,20.15157127380371,183063000
19,2021-08-16,20.135000228881836,20.28700065612793,19.452999114990234,19.950000762939453,19.914003372192383,210876000
20,2021-08-17,19.684999465942383,19.770000457763672,19.267000198364258,19.45800018310547,19.42288589477539,204585000
21,2021-08-18,19.5,19.634000778198242,19.0,19.040000915527344,19.00564193725586,285913000
22,2021-08-19,19.493999481201172,20.4950008392334,18.761999130249023,19.79800033569336,19.76227569580078,766555000
23,2021-08-20,19.990999221801758,20.864999771118164,19.933000564575195,20.81599998474121,20.778438568115234,675741000
24,2021-08-23,20.97100067138672,21.996999740600586,20.950000762939453,21.95800018310547,21.918380737304688,575807000
25,2021-08-24,21.753000259399414,21.958999633789062,21.53499984741211,21.792999267578125,21.753677368164062,297299000
26,2021-08-25,21.73699951171875,22.469999313354492,21.722000122070312,22.21299934387207,22.17292022705078,347701000
27,2021-08-26,22.200000762939453,22.34000015258789,21.790000915527344,22.06800079345703,22.028182983398438,237940000
28,2021-08-27,22.18400001525879,22.722000122070312,22.16699981689453,22.63599967956543,22.595155715942383,304722000
29,2021-08-30,22.829999923706055,23.042999267578125,22.551000595092773,22.687999725341797,22.647058486938477,262580000
30,2021-08-31,22.69499969482422,22.69499969482422,22.1200008392334,22.385000228881836,22.348548889160156,259850000
31,2021-09-01,22.485000610351562,22.69700050354004,22.35700035095215,22.44099998474121,22.40445899963379,201767000
32,2021-09-02,22.51799964904785,22.593000411987305,22.295000076293945,22.395999908447266,22.35953140258789,187834000
33,2021-09-03,22.325000762939453,22.986000061035156,22.200000762939453,22.843000411987305,22.805805206298828,280532000
34,2021-09-07,22.83300018310547,22.89900016784668,22.52199935913086,22.66200065612793,22.625097274780273,198107000
35,2021-09-08,22.51300048828125,22.610000610351562,21.976999282836914,22.339000701904297,22.302623748779297,254434000
36,2021-09-09,22.312000274658203,22.538000106811523,22.131000518798828,22.177000045776367,22.140888214111328,196856000
37,2021-09-10,22.347999572753906,22.625999450683594,22.270000457763672,22.47800064086914,22.4414005279541,248376000
38,2021-09-13,22.68400001525879,22.964000701904297,21.857999801635742,22.152000427246094,22.11592674255371,297500000
39,2021-09-14,22.274999618530273,22.40999984741211,22.086000442504883,22.242000579833984,22.205778121948242,199755000
40,2021-09-15,22.30900001525879,22.367000579833984,21.965999603271484,22.340999603271484,22.30461883544922,166538000
41,2021-09-16,22.183000564575195,22.277000427246094,21.927000045776367,22.242000579833984,22.205778121948242,156033000
42,2021-09-17,22.299999237060547,22.320999145507812,21.829999923706055,21.899999618530273,21.864337921142578,294503000
43,2021-09-20,21.145999908447266,21.433000564575195,20.66200065612793,21.113000869750977,21.0786190032959,349440000
44,2021-09-21,21.41699981689453,21.424999237060547,20.950000762939453,21.246000289916992,21.211402893066406,204688000
45,2021-09-22,21.365999221801758,21.959999084472656,21.195999145507812,21.94099998474121,21.905271530151367,268726000
46,2021-09-23,22.139999389648438,22.53499984741211,21.889999389648438,22.48200035095215,22.445388793945312,248555000
47,2021-09-24,22.06999969482422,22.14900016784668,21.861000061035156,22.08099937438965,22.045040130615234,217655000
48,2021-09-27,21.709999084472656,21.798999786376953,21.325000762939453,21.65999984741211,21.624727249145508,245215000
49,2021-09-28,21.214000701904297,21.41900062561035,20.650999069213867,20.698999404907227,20.665292739868164,343069000
50,2021-09-29,20.940000534057617,21.017000198364258,20.466999053955078,20.517000198364258,20.483591079711914,218394000
51,2021-09-30,20.76799964904785,21.06599998474121,20.687999725341797,20.715999603271484,20.682266235351562,221009000
52,2021-10-01,20.75,20.858999252319336,20.202999114990234,20.742000579833984,20.70822525024414,240978000
53,2021-10-04,20.503999710083008,20.54199981689453,19.55500030517578,19.73200035095215,19.699865341186523,345635000
54,2021-10-05,19.950000762939453,20.648000717163086,19.854000091552734,20.451000213623047,20.417699813842773,279282000
55,2021-10-06,20.1200008392334,20.719999313354492,20.079999923706055,20.700000762939453,20.666292190551758,297202000
56,2021-10-07,21.091999053955078,21.32200050354004,20.972000122070312,21.075000762939453,21.040685653686523,256919000
57,2021-10-08,21.10099983215332,21.20599937438965,20.774999618530273,20.83099937438965,20.797077178955078,151258000
58,2021-10-11,20.575000762939453,21.062999725341797,20.51099967956543,20.69499969482422,20.661300659179688,163388000
59,2021-10-12,20.827999114990234,21.05699920654297,20.527999877929688,20.67099952697754,20.637338638305664,162134000
60,2021-10-13,20.917999267578125,20.989999771118164,20.71299934387207,20.93899917602539,20.9049015045166,180652000
61,2021-10-14,21.288000106811523,21.7549991607666,21.121999740600586,21.746000289916992,21.710590362548828,243589000
62,2021-10-15,21.809999465942383,21.930999755859375,21.66200065612793,21.86199951171875,21.826400756835938,226994000
63,2021-10-18,21.749000549316406,22.291000366210938,21.643999099731445,22.222000122070312,22.185813903808594,189494000
64,2021-10-19,22.275999069213867,22.378999710083008,22.03700065612793,22.290000915527344,22.25370216369629,161473000
65,2021-10-20,22.30500030517578,22.433000564575195,21.98200035095215,22.10300064086914,22.06700897216797,146276000
66,2021-10-21,22.097000122070312,22.711000442504883,22.08300018310547,22.691999435424805,22.655046463012695,187590000
67,2021-10-22,22.822999954223633,23.1299991607666,22.56100082397461,22.72599983215332,22.688995361328125,249384000
68,2021-10-25,22.972999572753906,23.354999542236328,22.770000457763672,23.166000366210938,23.128278732299805,230235000
69,2021-10-26,23.98900032043457,25.259000778198242,23.923999786376953,24.716999053955078,24.676748275756836,485898000
70,2021-10-27,24.474000930786133,25.09000015258789,24.281999588012695,24.451000213623047,24.41118621826172,245990000
71,2021-10-28,24.878000259399414,24.950000762939453,24.523000717163086,24.94099998474121,24.9003849029541,234204000
72,2021-10-29,25.000999450683594,25.708999633789062,25.0,25.566999435424805,25.525365829467773,292503000
73,2021-11-01,25.64900016784668,25.893999099731445,25.226999282836914,25.82699966430664,25.78493881225586,265740000
74,2021-11-02,25.82200050354004,26.67799949645996,25.799999237060547,26.400999069213867,26.35800552368164,294112000
75,2021-11-03,26.670000076293945,26.784000396728516,26.235000610351562,26.597999572753906,26.554685592651367,239910000
76,2021-11-04,27.229000091552734,31.364999771118164,27.118000030517578,29.801000595092773,29.752473831176758,1153631000
77,2021-11-05,30.187000274658203,31.399999618530273,29.40999984741211,29.75200080871582,29.70355224609375,851260000
78,2021-11-08,30.14900016784668,31.100000381469727,29.906999588012695,30.804000854492188,30.75383949279785,503101000
79,2021-11-09,32.28200149536133,32.310001373291016,29.964000701904297,30.656999588012695,30.607074737548828,646746000
80,2021-11-10,29.356000900268555,30.850000381469727,28.777999877929688,29.458999633789062,29.411029815673828,636206000
81,2021-11-11,30.468000411987305,30.59000015258789,29.777000427246094,30.389999389648438,30.340511322021484,332172000
82,2021-11-12,30.010000228881836,30.68000030517578,29.6299991607666,30.389999389648438,30.340511322021484,413054000
83,2021-11-15,30.552000045776367,30.643999099731445,29.246999740600586,30.024999618530273,29.976106643676758,384909000
84,2021-11-16,29.759000778198242,30.389999389648438,29.70599937438965,30.202999114990234,30.153818130493164,264484000
85,2021-11-17,30.417999267578125,30.509000778198242,28.799999237060547,29.26099967956543,29.21335220336914,428508000
86,2021-11-18,32.367000579833984,32.7599983215332,31.320999145507812,31.674999237060547,31.6234188079834,781711000
87,2021-11-19,32.24300003051758,33.0880012512207,31.905000686645508,32.98500061035156,32.93128204345703,533867000
88,2021-11-22,33.516998291015625,34.64699935913086,31.899999618530273,31.95599937438965,31.903961181640625,754335000
89,2021-11-23,31.53499984741211,32.36000061035156,30.8799991607666,31.746000289916992,31.694303512573242,532163000
90,2021-11-24,31.461000442504883,32.85499954223633,30.92799949645996,32.67399978637695,32.62079620361328,435162000
91,2021-11-26,32.599998474121094,32.709999084472656,31.350000381469727,31.503000259399414,31.45170021057129,283069000
92,2021-11-29,32.36600112915039,33.4119987487793,32.0359992980957,33.375999450683594,33.321651458740234,454964000
93,2021-11-30,33.16899871826172,33.35300064086914,31.86400032043457,32.67599868774414,32.6227912902832,622066000
94,2021-12-01,33.21900177001953,33.28900146484375,31.3799991607666,31.434999465942383,31.387653350830078,484368000
95,2021-12-02,31.214000701904297,32.47800064086914,31.024999618530273,32.125999450683594,32.07761001586914,472890000
96,2021-12-03,32.0,32.12900161743164,30.1299991607666,30.69300079345703,30.646770477294922,544325000
97,2021-12-06,29.8799991607666,30.240999221801758,28.038000106811523,30.03700065612793,29.991762161254883,658938000
98,2021-12-07,30.957000732421875,32.44900131225586,30.650999069213867,32.426998138427734,32.37815475463867,593053000
99,2021-12-08,31.999000549316406,32.290000915527344,31.42099952697754,31.826000213623047,31.77806282043457,475551000
100,2021-12-09,31.733999252319336,32.20500183105469,30.42799949645996,30.489999771118164,30.444074630737305,488507000
101,2021-12-10,31.149999618530273,31.30500030517578,29.861000061035156,30.197999954223633,30.152517318725586,488825000
102,2021-12-13,30.249000549316406,30.29400062561035,28.115999221801758,28.160999298095703,28.11858558654785,598344000
103,2021-12-14,27.698999404907227,28.67799949645996,27.25,28.336999893188477,28.294322967529297,667035000
104,2021-12-15,28.399999618530273,30.5,27.83799934387207,30.458999633789062,30.413124084472656,698297000
105,2021-12-16,31.152000427246094,31.15999984741211,28.093000411987305,28.386999130249023,28.344242095947266,707366000
106,2021-12-17,27.985000610351562,28.922000885009766,27.760000228881836,27.801000595092773,27.759124755859375,713758000
107,2021-12-20,27.30500030517578,28.143999099731445,27.145000457763672,27.7189998626709,27.6772518157959,461847000
108,2021-12-21,28.374000549316406,29.1200008392334,27.400999069213867,29.075000762939453,29.03120994567871,524385000
109,2021-12-22,28.891000747680664,29.55500030517578,28.448999404907227,29.399999618530273,29.355716705322266,395184000
110,2021-12-23,29.7549991607666,30.05900001525879,29.430999755859375,29.639999389648438,29.59535789489746,343022000
111,2021-12-27,29.65999984741211,31.086999893188477,29.639999389648438,30.94499969482422,30.898395538330078,403686000
112,2021-12-28,31.312000274658203,31.329999923706055,30.011999130249023,30.32200050354004,30.276330947875977,420591000
113,2021-12-29,30.273000717163086,30.54800033569336,29.365999221801758,30.000999450683594,29.955814361572266,343139000
114,2021-12-30,29.82699966430664,30.457000732421875,29.540000915527344,29.586000442504883,29.54143714904785,308864000
115,2021-12-31,29.673999786376953,30.030000686645508,29.33099937438965,29.410999298095703,29.366701126098633,266530000
116,2022-01-03,29.815000534057617,30.711000442504883,29.78499984741211,30.121000289916992,30.075632095336914,391547000
117,2022-01-04,30.277000427246094,30.468000411987305,28.349000930786133,29.290000915527344,29.24588394165039,527154000
118,2022-01-05,28.948999404907227,29.416000366210938,27.533000946044922,27.604000091552734,27.56242561340332,498064000
119,2022-01-06,27.639999389648438,28.437999725341797,27.065000534057617,28.17799949645996,28.135560989379883,454186000
120,2022-01-07,28.141000747680664,28.422000885009766,27.05699920654297,27.246999740600586,27.205963134765625,409939000
121,2022-01-10,26.58099937438965,27.4689998626709,25.643999099731445,27.399999618530273,27.35873031616211,594681000
122,2022-01-11,27.322999954223633,28.065000534057617,26.839000701904297,27.816999435424805,27.775104522705078,404089000
123,2022-01-12,28.066999435424805,28.594999313354492,27.607999801635742,27.999000549316406,27.956829071044922,383413000
124,2022-01-13,28.378999710083008,28.479999542236328,26.49799919128418,26.575000762939453,26.534976959228516,540171000
125,2022-01-14,26.299999237060547,27.19700050354004,26.209999084472656,26.941999435424805,26.901418685913086,395832000
126,2022-01-18,26.260000228881836,26.63800048828125,25.770000457763672,25.902999877929688,25.863988876342773,424270000
127,2022-01-19,26.07900047302246,26.542999267578125,25.052000045776367,25.066999435424805,25.02924346923828,488315000
128,2022-01-20,25.304000854492188,25.57900047302246,24.077999114990234,24.149999618530273,24.113624572753906,435181000
129,2022-01-21,23.506999969482422,24.822999954223633,23.26300048828125,23.374000549316406,23.338794708251953,718958000
130,2022-01-24,22.329999923706055,23.3799991607666,20.88800048828125,23.371999740600586,23.3367977142334,913982000
131,2022-01-25,22.54599952697754,22.94300079345703,22.0,22.323999404907227,22.290374755859375,664616000
132,2022-01-26,23.239999771118164,24.05699920654297,22.299999237060547,22.77199935913086,22.737701416015625,755959000
133,2022-01-27,23.56800079345703,23.9950008392334,21.674999237060547,21.944000244140625,21.91094970703125,573353000
134,2022-01-28,22.011999130249023,22.857999801635742,21.29599952697754,22.84000015258789,22.805599212646484,543774000
135,2022-01-31,23.18199920654297,24.509000778198242,23.052000045776367,24.486000061035156,24.449119567871094,564680000
136,2022-02-01,25.104000091552734,25.145000457763672,23.889999389648438,24.63800048828125,24.600893020629883,518925000
137,2022-02-02,25.79400062561035,25.816999435424805,24.55299949645996,25.242000579833984,25.203981399536133,543419000
138,2022-02-03,24.45800018310547,25.07699966430664,23.780000686645508,23.947999954223633,23.91193199157715,410178000
139,2022-02-04,23.972000122070312,24.635000228881836,23.631999969482422,24.319000244140625,24.282371520996094,354829000
140,2022-02-07,24.371999740600586,25.18199920654297,24.20199966430664,24.72800064086914,24.69075584411621,376868000
141,2022-02-08,24.358999252319336,25.229999542236328,23.979999542236328,25.107999801635742,25.070180892944336,410359000
142,2022-02-09,25.621999740600586,26.725000381469727,25.35300064086914,26.704999923706055,26.664777755737305,524282000
143,2022-02-10,25.9950008392334,26.924999237060547,25.600000381469727,25.823999404907227,25.78510284423828,513200000
144,2022-02-11,25.916000366210938,26.152000427246094,23.773000717163086,23.948999404907227,23.912927627563477,605472000
145,2022-02-14,23.93400001525879,24.875,23.7549991607666,24.267000198364258,24.230451583862305,440424000
146,2022-02-15,24.948999404907227,26.545000076293945,24.784000396728516,26.4950008392334,26.455093383789062,699869000
147,2022-02-16,26.259000778198242,26.582000732421875,25.552000045776367,26.51099967956543,26.471071243286133,732676000
148,2022-02-17,25.6299991607666,25.78499984741211,24.165000915527344,24.506999969482422,24.470088958740234,810595000
149,2022-02-18,24.667999267578125,24.986000061035156,23.100000381469727,23.642000198364258,23.60639190673828,761255000
150,2022-02-22,23.03499984741211,24.06399917602539,23.0,23.389999389648438,23.354768753051758,633422000
151,2022-02-23,23.802000045776367,24.155000686645508,22.301000595092773,22.386999130249023,22.353282928466797,566511000
152,2022-02-24,21.014999389648438,23.799999237060547,20.889999389648438,23.74799919128418,23.712230682373047,735801000
153,2022-02-25,23.72100067138672,24.216999053955078,23.381000518798828,24.156999588012695,24.120615005493164,528866000
154,2022-02-28,23.992000579833984,24.665000915527344,23.707000732421875,24.385000228881836,24.34827423095703,477319000
155,2022-03-01,24.291000366210938,24.37700080871582,23.131999969482422,23.476999282836914,23.441635131835938,412056000
156,2022-03-02,23.756000518798828,24.409000396728516,23.415000915527344,24.219999313354492,24.187637329101562,389642000
157,2022-03-03,24.261999130249023,24.326000213623047,23.4689998626709,23.714000701904297,23.682315826416016,365095000
158,2022-03-04,23.384000778198242,23.68000030517578,22.48200035095215,22.93600082397461,22.90535545349121,431415000
159,2022-03-07,22.816999435424805,23.033000946044922,21.329999923706055,21.351999282836914,21.323474884033203,450821000
160,2022-03-08,21.30900001525879,22.37299919128418,20.649999618530273,21.513999938964844,21.485258102416992,557467000
161,2022-03-09,22.386999130249023,23.219999313354492,22.246999740600586,23.013999938964844,22.98325538635254,492742000
162,2022-03-10,22.5310001373291,22.788000106811523,21.881999969482422,22.658000946044922,22.627727508544922,428066000
163,2022-03-11,23.02199935913086,23.145000457763672,22.04599952697754,22.100000381469727,22.07047462463379,367209000
164,2022-03-14,21.868999481201172,22.261999130249023,21.159000396728516,21.329999923706055,21.301504135131836,385354000
165,2022-03-15,21.51799964904785,23.038000106811523,21.32200050354004,22.972999572753906,22.94230842590332,491996000
166,2022-03-16,23.5,24.597000122070312,23.172000885009766,24.496000289916992,24.463274002075195,671422000
167,2022-03-17,24.1200008392334,24.841999053955078,23.9060001373291,24.766000747680664,24.732912063598633,471941000
168,2022-03-18,24.798999786376953,26.569000244140625,24.624000549316406,26.452999114990234,26.41765594482422,730719000
169,2022-03-21,26.506999969482422,27.152000427246094,25.966999053955078,26.733999252319336,26.69828224182129,591727000
170,2022-03-22,26.726999282836914,27.238000869750977,26.07200050354004,26.52400016784668,26.488561630249023,547007000
171,2022-03-23,26.125999450683594,26.61199951171875,25.575000762939453,25.634000778198242,25.599750518798828,502120000
172,2022-03-24,26.166000366210938,28.31999969482422,25.906999588012695,28.149999618530273,28.112390518188477,877379000
173,2022-03-25,27.88599967956543,28.357999801635742,27.270999908447266,27.691999435424805,27.655000686645508,579016000
174,2022-03-28,27.756000518798828,28.25,27.20599937438965,28.2189998626709,28.181297302246094,425494000
175,2022-03-29,28.69499969482422,28.945999145507812,27.979999542236328,28.6560001373291,28.617713928222656,488984000
176,2022-03-30,28.304000854492188,28.496000289916992,27.503000259399414,27.690000534057617,27.653005599975586,463487000
177,2022-03-31,27.781999588012695,28.24799919128418,27.270000457763672,27.285999298095703,27.249542236328125,523440000
178,2022-04-01,27.375,27.496000289916992,26.267000198364258,26.711999893188477,26.676311492919922,517235000
179,2022-04-04,26.72800064086914,27.558000564575195,26.613000869750977,27.360000610351562,27.32344627380371,397120000
180,2022-04-05,27.253999710083008,27.319000244140625,25.81999969482422,25.930999755859375,25.89635467529297,436615000
181,2022-04-06,24.93400001525879,25.299999237060547,24.003000259399414,24.406999588012695,24.374387741088867,703833000
182,2022-04-07,24.44099998474121,24.722000122070312,23.47800064086914,24.20800018310547,24.175655364990234,557992000
183,2022-04-08,23.91699981689453,23.92300033569336,23.062000274658203,23.118999481201172,23.088111877441406,524781000
184,2022-04-11,22.214000701904297,22.31999969482422,21.65999984741211,21.91699981689453,21.887714385986328,575207000
185,2022-04-12,22.53700065612793,22.725000381469727,21.281999588012695,21.503999710083008,21.47526741027832,662258000
186,2022-04-13,21.72800064086914,22.5,21.454999923706055,22.202999114990234,22.173336029052734,516943000
187,2022-04-14,22.5049991607666,22.777000427246094,21.163000106811523,21.257999420166016,21.229598999023438,569097000
188,2022-04-18,21.200000762939453,22.08799934387207,21.07900047302246,21.783000946044922,21.753896713256836,525701000
189,2022-04-19,21.719999313354492,22.37299919128418,21.31399917602539,22.197999954223633,22.1683406829834,512781000
190,2022-04-20,22.517000198364258,22.670000076293945,21.200000762939453,21.48200035095215,21.45330047607422,468974000
191,2022-04-21,21.708999633789062,22.392000198364258,20.0,20.183000564575195,20.156034469604492,656209000
192,2022-04-22,20.30299949645996,20.486000061035156,19.5,19.514999389648438,19.488927841186523,624713000
193,2022-04-25,19.20199966430664,19.94499969482422,19.09600067138672,19.902000427246094,19.875411987304688,641566000
194,2022-04-26,19.718000411987305,19.788000106811523,18.670000076293945,18.788000106811523,18.762897491455078,653143000
195,2022-04-27,18.597999572753906,19.16699981689453,18.290000915527344,18.415000915527344,18.390396118164062,499460000
196,2022-04-28,18.966999053955078,20.03700065612793,18.489999771118164,19.781999588012695,19.75556755065918,570327000
197,2022-04-29,19.402000427246094,20.128000259399414,18.517000198364258,18.547000885009766,18.522220611572266,500435000
198,2022-05-02,18.541000366210938,19.573999404907227,18.391000747680664,19.533000946044922,19.506900787353516,572049000
199,2022-05-03,19.399999618530273,19.825000762939453,19.132999420166016,19.601999282836914,19.575807571411133,475751000
200,2022-05-04,19.92300033569336,20.399999618530273,18.750999450683594,20.333999633789062,20.30683135986328,648855000
201,2022-05-05,19.867000579833984,19.924999237060547,18.5,18.8439998626709,18.818824768066406,626331000
202,2022-05-06,18.736000061035156,19.511999130249023,17.989999771118164,18.674999237060547,18.650049209594727,633297000
203,2022-05-09,18.034000396728516,18.2549991607666,16.82699966430664,16.950000762939453,16.92735481262207,644455000
204,2022-05-10,17.68899917602539,18.197999954223633,17.024999618530273,17.594999313354492,17.571491241455078,761474000
205,2022-05-11,17.347000122070312,17.753000259399414,16.56800079345703,16.6299991607666,16.607778549194336,670167000
206,2022-05-12,16.2189998626709,16.788000106811523,15.567000389099121,16.174999237060547,16.15338897705078,708728000
207,2022-05-13,16.788000106811523,17.92799949645996,16.593000411987305,17.70599937438965,17.682344436645508,670437000
208,2022-05-16,17.509000778198242,17.788000106811523,17.106000900268555,17.263999938964844,17.24093246459961,521446000
209,2022-05-17,18.073999404907227,18.371000289916992,17.634000778198242,18.177000045776367,18.152713775634766,585830000
210,2022-05-18,17.704999923706055,18.118000030517578,16.86400032043457,16.937999725341797,16.915369033813477,545161000
211,2022-05-19,16.937000274658203,17.687000274658203,16.733999252319336,17.124000549316406,17.10112190246582,621310000
212,2022-05-20,17.332000732421875,17.40999984741211,15.755000114440918,16.694000244140625,16.671695709228516,739105000
213,2022-05-23,16.27400016784668,16.915000915527344,16.179000854492188,16.898000717163086,16.87542152404785,639889000
214,2022-05-24,16.510000228881836,16.597000122070312,15.779999732971191,16.15399932861328,16.132415771484375,588550000
215,2022-05-25,16.020000457763672,17.111000061035156,16.0,16.975000381469727,16.952320098876953,781132000
216,2022-05-26,16.035999298095703,18.091999053955078,16.02199935913086,17.85099983215332,17.8271484375,996575000
217,2022-05-27,18.18600082397461,18.881000518798828,18.100000381469727,18.81100082397461,18.785869598388672,738379000
218,2022-05-31,18.979999542236328,19.200000762939453,18.350000381469727,18.672000885009766,18.647052764892578,664100000
219,2022-06-01,18.724000930786133,19.05299949645996,18.121999740600586,18.31999969482422,18.295522689819336,544514000
220,2022-06-02,18.29199981689453,19.618999481201172,18.197999954223633,19.591999053955078,19.56582260131836,648656000
221,2022-06-03,19.082000732421875,19.332000732421875,18.52199935913086,18.719999313354492,18.694988250732422,598779000
222,2022-06-06,19.138999938964844,19.336999893188477,18.56399917602539,18.785999298095703,18.760896682739258,422406000
223,2022-06-07,18.472000122070312,19.0,18.187999725341797,18.926000595092773,18.900714874267578,388914000
224,2022-06-08,18.798999786376953,19.18000030517578,18.53499984741211,18.648000717163086,18.62702178955078,363252000
225,2022-06-09,18.481000900268555,18.933000564575195,18.041000366210938,18.04800033569336,18.027698516845703,395574000
226,2022-06-10,17.600000381469727,17.69700050354004,16.868999481201172,16.974000930786133,16.954906463623047,465248000
227,2022-06-13,16.0,16.312000274658203,15.605999946594238,15.647000312805176,15.62939739227295,604153000
228,2022-06-14,15.730999946594238,16.06599998474121,15.411999702453613,15.836000442504883,15.818185806274414,469680000
229,2022-06-15,16.094999313354492,16.868000030517578,15.925999641418457,16.527000427246094,16.508411407470703,563936000
230,2022-06-16,15.859999656677246,15.942000389099121,15.401000022888184,15.60099983215332,15.58344841003418,545749000
231,2022-06-17,15.64799976348877,15.994999885559082,15.32800006866455,15.880000114440918,15.862136840820312,630334000
232,2022-06-21,16.475000381469727,17.007999420166016,16.406999588012695,16.56599998474121,16.54736328125,483089000
233,2022-06-22,16.22599983215332,16.66200065612793,16.18000030517578,16.360000610351562,16.341598510742188,437135000
234,2022-06-23,16.518999099731445,16.584999084472656,15.852999687194824,16.225000381469727,16.206748962402344,463680000
235,2022-06-24,16.5,17.139999389648438,16.309999465942383,17.125999450683594,17.106733322143555,472153000
236,2022-06-27,17.312000274658203,17.329999923706055,16.625999450683594,16.868999481201172,16.850021362304688,427968000
237,2022-06-28,16.899999618530273,17.20199966430664,15.944999694824219,15.982000350952148,15.964020729064941,461149000
238,2022-06-29,15.814000129699707,15.819999694824219,15.170000076293945,15.541999816894531,15.524516105651855,482352000
239,2022-06-30,15.361000061035156,15.567000389099121,14.862000465393066,15.159000396728516,15.141946792602539,686070000
240,2022-07-01,14.89900016784668,15.062999725341797,14.392000198364258,14.52299976348877,14.506661415100098,577610000
241,2022-07-05,14.175000190734863,14.970999717712402,14.055000305175781,14.96399974822998,14.947165489196777,651397000
242,2022-07-06,15.010000228881836,15.319000244140625,14.788999557495117,15.130000114440918,15.1129789352417,529066000
243,2022-07-07,15.456000328063965,15.944999694824219,15.388999938964844,15.857999801635742,15.840160369873047,492903000
244,2022-07-08,15.430000305175781,16.03700065612793,15.388999938964844,15.838000297546387,15.820184707641602,467972000
245,2022-07-11,15.526000022888184,15.527000427246094,15.038000106811523,15.152000427246094,15.134955406188965,437321000
246,2022-07-12,15.267999649047852,15.430999755859375,14.876999855041504,15.081999778747559,15.065033912658691,458483000
247,2022-07-13,14.59000015258789,15.375,14.46500015258789,15.163999557495117,15.146942138671875,521918000
248,2022-07-14,15.107999801635742,15.472999572753906,14.727999687194824,15.371999740600586,15.354706764221191,456235000
249,2022-07-15,15.659000396728516,15.781999588012695,15.444999694824219,15.76200008392334,15.744267463684082,385935000
250,2022-07-18,16.302000045776367,16.89699935913086,16.00200080871582,16.10099983215332,16.082889556884766,670517000
251,2022-07-19,16.486000061035156,17.110000610351562,16.172000885009766,16.992000579833984,16.972885131835938,702366000
252,2022-07-20,16.94700050354004,17.933000564575195,16.801000595092773,17.80699920654297,17.78696632385254,760538000
253,2022-07-21,17.885000228881836,18.143999099731445,17.545000076293945,18.049999237060547,18.029691696166992,557049000
254,2022-07-22,17.89299964904785,17.966999053955078,17.136999130249023,17.319000244140625,17.299514770507812,536671000
255,2022-07-25,17.018999099731445,17.124000549316406,16.64900016784668,17.02400016784668,17.00484848022461,480748000
256,2022-07-26,16.888999938964844,16.91900062561035,16.47800064086914,16.533000946044922,16.514404296875,397865000
257,2022-07-27,17.031999588012695,17.93600082397461,16.913000106811523,17.790000915527344,17.769989013671875,569776000
258,2022-07-28,17.975000381469727,18.139999389648438,17.440000534057617,17.983999252319336,17.963769912719727,474646000
259,2022-07-29,17.812999725341797,18.243999481201172,17.691999435424805,18.163000106811523,18.142568588256836,435460000
260,2022-08-01,18.18199920654297,18.84600067138672,17.989999771118164,18.44099998474121,18.420255661010742,476469000
261,2022-08-02,18.121999740600586,18.937999725341797,18.091999053955078,18.525999069213867,18.505159378051758,489527000
262,2022-08-03,18.18400001525879,18.968000411987305,18.136999130249023,18.89299964904785,18.871747970581055,418146000
263,2022-08-04,18.849000930786133,19.27400016784668,18.760000228881836,19.21500015258789,19.193384170532227,409652000
264,2022-08-05,18.809999465942383,19.229000091552734,18.666000366210938,18.98900032043457,18.96763801574707,386068000
265,2022-08-08,17.50200080871582,18.23900032043457,17.242000579833984,17.792999267578125,17.77298355102539,981859000
266,2022-08-09,17.25200080871582,17.44700050354004,16.724000930786133,17.086000442504883,17.066781997680664,668263000
267,2022-08-10,17.697999954223633,18.118000030517578,17.316999435424805,18.097000122070312,18.076642990112305,597422000
268,2022-08-11,18.131000518798828,18.707000732421875,17.875999450683594,17.941999435424805,17.921815872192383,509327000
269,2022-08-12,18.15999984741211,18.718000411987305,17.952999114990234,18.708999633789062,18.687952041625977,478094000
270,2022-08-15,18.701000213623047,19.163999557495117,18.613000869750977,19.031999588012695,19.010591506958008,457666000
271,2022-08-16,18.920000076293945,19.142000198364258,18.500999450683594,18.878999710083008,18.857759475708008,451240000
272,2022-08-17,18.523000717163086,18.687999725341797,18.145000457763672,18.334999084472656,18.314373016357422,446799000
273,2022-08-18,18.301000595092773,18.864999771118164,18.183000564575195,18.773000717163086,18.75188636779785,415447000
274,2022-08-19,18.4060001373291,18.520000457763672,17.770000457763672,17.849000930786133,17.828920364379883,441588000
275,2022-08-22,17.489999771118164,17.558000564575195,16.965999603271484,17.034000396728516,17.01483917236328,409593000
276,2022-08-23,16.98900032043457,17.46500015258789,16.969999313354492,17.180999755859375,17.161672592163086,369986000
277,2022-08-24,17.011999130249023,17.4060001373291,16.895000457763672,17.222000122070312,17.202625274658203,522661000
278,2022-08-25,16.8439998626709,17.94700050354004,16.83300018310547,17.913000106811523,17.892850875854492,770691000
279,2022-08-26,17.85700035095215,17.923999786376953,16.23699951171875,16.260000228881836,16.2417049407959,769127000
280,2022-08-29,16.020000457763672,16.33799934387207,15.767000198364258,15.800999641418457,15.783225059509277,496132000
281,2022-08-30,15.960000038146973,16.038999557495117,15.182000160217285,15.468000411987305,15.450601577758789,530181000
282,2022-08-31,15.383999824523926,15.539999961853027,14.958999633789062,15.093999862670898,15.077019691467285,573710000
283,2022-09-01,14.208999633789062,14.380000114440918,13.270000457763672,13.937000274658203,13.921323776245117,1178865000
284,2022-09-02,14.100000381469727,14.170999526977539,13.590999603271484,13.647000312805176,13.631648063659668,743157000
285,2022-09-06,13.730999946594238,13.779000282287598,13.35099983215332,13.46500015258789,13.449853897094727,535751000
286,2022-09-07,13.562999725341797,13.838000297546387,13.345999717712402,13.71399974822998,13.702644348144531,512657000
287,2022-09-08,13.458999633789062,14.008000373840332,13.369000434875488,13.989999771118164,13.978414535522461,624873000
288,2022-09-09,14.156999588012695,14.473999977111816,14.12600040435791,14.38700008392334,14.375086784362793,486612000
289,2022-09-12,14.369000434875488,14.54699993133545,14.197999954223633,14.505000114440918,14.492988586425781,484159000
290,2022-09-13,13.802000045776367,13.92199993133545,13.098999977111816,13.130999565124512,13.120124816894531,714956000
291,2022-09-14,13.253999710083008,13.289999961853027,12.913000106811523,13.128000259399414,13.1171293258667,588507000
292,2022-09-15,13.015000343322754,13.232999801635742,12.789999961853027,12.928999900817871,12.918292999267578,523625000
293,2022-09-16,12.741999626159668,13.211999893188477,12.616999626159668,13.197999954223633,13.187068939208984,670751000
294,2022-09-19,13.01200008392334,13.463000297546387,13.010000228881836,13.381999969482422,13.370917320251465,569685000
295,2022-09-20,13.21500015258789,13.482999801635742,13.057000160217285,13.175999641418457,13.165087699890137,524818000
296,2022-09-21,13.213000297546387,14.031000137329102,13.109999656677246,13.26099967956543,13.250018119812012,807679000
297,2022-09-22,13.069999694824219,13.14900016784668,12.428000450134277,12.560999870300293,12.55059814453125,759162000
298,2022-09-23,12.420000076293945,12.611000061035156,12.256999969482422,12.515999794006348,12.505635261535645,663309000
299,2022-09-26,12.491000175476074,12.659000396728516,12.21399974822998,12.227999687194824,12.217874526977539,547343000
300,2022-09-27,12.506999969482422,12.736000061035156,12.258000373840332,12.413000106811523,12.402722358703613,553854000
301,2022-09-28,12.40999984741211,12.822999954223633,12.354000091552734,12.736000061035156,12.72545337677002,542414000
302,2022-09-29,12.447999954223633,12.5,11.946000099182129,12.220000267028809,12.209880828857422,532763000
303,2022-09-30,12.086999893188477,12.633000373840332,12.074999809265137,12.138999938964844,12.128948211669922,565638000
304,2022-10-03,12.347000122070312,12.678000450134277,12.104999542236328,12.51200008392334,12.501638412475586,547478000
305,2022-10-04,12.878999710083008,13.220000267028809,12.878999710083008,13.166999816894531,13.156096458435059,584182000
306,2022-10-05,12.91100025177002,13.321000099182129,12.621000289916992,13.208999633789062,13.198060035705566,507131000
307,2022-10-06,13.220000267028809,13.656000137329102,13.102999687194824,13.130000114440918,13.119125366210938,644157000
308,2022-10-07,12.505000114440918,12.670000076293945,12.022000312805176,12.076000213623047,12.065999984741211,672478000
309,2022-10-10,12.036999702453613,12.12399959564209,11.407999992370605,11.670000076293945,11.660335540771484,698699000
310,2022-10-11,11.560999870300293,11.845999717712402,11.282999992370605,11.586000442504883,11.57640552520752,667482000
311,2022-10-12,11.579000473022461,11.734999656677246,11.345000267028809,11.5,11.490477561950684,492590000
312,2022-10-13,10.970999717712402,12.07800006866455,10.812999725341797,11.960000038146973,11.950096130371094,850103000
313,2022-10-14,12.057000160217285,12.111000061035156,11.204000473022461,11.22700023651123,11.217703819274902,713432000
314,2022-10-17,11.517999649047852,11.947999954223633,11.517000198364258,11.887999534606934,11.878154754638672,580774000
315,2022-10-18,12.343999862670898,12.491999626159668,11.618000030517578,11.967000007629395,11.957090377807617,659362000
316,2022-10-19,11.878999710083008,12.350000381469727,11.833999633789062,12.050999641418457,12.041020393371582,523131000
317,2022-10-20,12.11299991607666,12.769000053405762,12.104999542236328,12.194000244140625,12.1839017868042,652398000
318,2022-10-21,12.097999572753906,12.498000144958496,11.88700008392334,12.465999603271484,12.455676078796387,609494000
319,2022-10-24,12.508000373840332,12.710000038146973,12.064000129699707,12.598999977111816,12.588566780090332,517457000
320,2022-10-25,12.694000244140625,13.300000190734863,12.663999557495117,13.26099967956543,13.250018119812012,505482000
321,2022-10-26,12.869000434875488,13.387999534606934,12.708000183105469,12.895999908447266,12.885319709777832,532953000
322,2022-10-27,13.630000114440918,13.838000297546387,13.121999740600586,13.175999641418457,13.165087699890137,583113000
323,2022-10-28,13.104000091552734,13.850000381469727,13.060999870300293,13.833999633789062,13.822545051574707,521040000
324,2022-10-31,13.777999877929688,13.838000297546387,13.29699993133545,13.496999740600586,13.485822677612305,486341000
325,2022-11-01,13.810999870300293,13.925000190734863,13.519000053405762,13.543000221252441,13.53178596496582,432817000
326,2022-11-02,13.850000381469727,14.210000038146973,13.211000442504883,13.218999862670898,13.208052635192871,672628000
327,2022-11-03,13.043000221252441,13.781000137329102,12.956000328063965,13.420999526977539,13.409884452819824,500065000
328,2022-11-04,13.986000061035156,14.229000091552734,13.696999549865723,14.156000137329102,14.144278526306152,612576000
329,2022-11-07,14.227999687194824,14.411999702453613,13.954000473022461,14.300999641418457,14.28915786743164,410061000
330,2022-11-08,14.800999641418457,14.890999794006348,14.215999603271484,14.60200023651123,14.5899076461792,595292000
331,2022-11-09,14.161999702453613,14.211000442504883,13.758999824523926,13.776000022888184,13.764592170715332,454414000
332,2022-11-10,14.800000190734863,15.77299976348877,14.54699993133545,15.75,15.736958503723145,700819000
333,2022-11-11,15.807000160217285,16.388999938964844,15.482000350952148,16.32699966430664,16.3134822845459,655487000
334,2022-11-14,16.218000411987305,16.540000915527344,15.92199993133545,16.295000076293945,16.28150177001953,527852000
335,2022-11-15,16.722000122070312,16.99799919128418,16.381999969482422,16.666000366210938,16.65219497680664,545876000
336,2022-11-16,16.16200065612793,16.36199951171875,15.873000144958496,15.90999984741211,15.89682388305664,649547000
337,2022-11-17,15.71500015258789,16.266000747680664,15.53499984741211,15.677000045776367,15.664018630981445,710894000
338,2022-11-18,15.965999603271484,16.00200080871582,15.119999885559082,15.409000396728516,15.396240234375,492072000
339,2022-11-21,15.147000312805176,15.47700023651123,15.079999923706055,15.317000389099121,15.304316520690918,404739000
340,2022-11-22,15.32800006866455,16.058000564575195,15.121999740600586,16.038000106811523,16.024717330932617,472866000
341,2022-11-23,16.097999572753906,16.527000427246094,16.04800033569336,16.518999099731445,16.505319595336914,427241000
342,2022-11-25,16.31800079345703,16.48699951171875,16.172000885009766,16.270000457763672,16.256528854370117,167934000
343,2022-11-28,16.025999069213867,16.35700035095215,15.725000381469727,15.82699966430664,15.813892364501953,303741000
344,2022-11-29,15.82699966430664,15.932000160217285,15.520000457763672,15.638999938964844,15.626049995422363,298384000
345,2022-11-30,15.696999549865723,16.93000030517578,15.597000122070312,16.92300033569336,16.91330909729004,565298000
346,2022-12-01,16.999000549316406,17.264999389648438,16.635000228881836,17.135000228881836,17.125192642211914,470977000
347,2022-12-02,16.659000396728516,16.933000564575195,16.44499969482422,16.875999450683594,16.866336822509766,371389000
348,2022-12-05,16.679000854492188,16.9950008392334,16.472000122070312,16.610000610351562,16.600492477416992,352255000
349,2022-12-06,16.530000686645508,16.572999954223633,15.819000244140625,15.987000465393066,15.977848052978516,352694000
350,2022-12-07,15.772000312805176,16.18600082397461,15.666999816894531,16.1200008392334,16.11077308654785,372388000
351,2022-12-08,16.273000717163086,17.179000854492188,15.958999633789062,17.16900062561035,17.1591739654541,515456000
352,2022-12-09,17.15999984741211,17.58300018310547,16.975000381469727,17.000999450683594,16.991268157958984,465338000
353,2022-12-12,17.03700065612793,17.538000106811523,16.797000885009766,17.53499984741211,17.524961471557617,457328000
354,2022-12-13,18.5310001373291,18.790000915527344,17.711000442504883,18.07200050354004,18.061655044555664,656589000
355,2022-12-14,17.98699951171875,18.25200080871582,17.420000076293945,17.673999786376953,17.66388511657715,496888000
356,2022-12-15,17.145999908447266,17.31999969482422,16.700000762939453,16.95199966430664,16.94229507446289,478542000
357,2022-12-16,16.86400032043457,17.041000366210938,16.40999984741211,16.570999145507812,16.561513900756836,478232000
358,2022-12-19,16.57200050354004,16.608999252319336,16.145000457763672,16.253999710083008,16.244693756103516,354039000
359,2022-12-20,16.06399917602539,16.309999465942383,15.85200023651123,16.084999084472656,16.07579231262207,403260000
360,2022-12-21,16.11400032043457,16.62700080871582,16.101999282836914,16.500999450683594,16.491552352905273,325025000
361,2022-12-22,16.0939998626709,16.13800048828125,14.881999969482422,15.33899974822998,15.330218315124512,565045000
362,2022-12-23,15.196000099182129,15.33899974822998,14.883000373840332,15.206000328063965,15.197295188903809,349326000
363,2022-12-27,15.074000358581543,15.100000381469727,14.055999755859375,14.121000289916992,14.112916946411133,464902000
364,2022-12-28,13.927000045776367,14.26200008392334,13.883999824523926,14.03600025177002,14.027965545654297,351066000
365,2022-12-29,14.402000427246094,14.682999610900879,14.22700023651123,14.602999687194824,14.59463882446289,354923000
366,2022-12-30,14.333999633789062,14.628999710083008,14.232999801635742,14.61400032043457,14.605632781982422,310490000
367,2023-01-03,14.85099983215332,14.996000289916992,14.095999717712402,14.3149995803833,14.306803703308105,401277000
368,2023-01-04,14.567000389099121,14.852999687194824,14.241000175476074,14.74899959564209,14.740555763244629,431324000
369,2023-01-05,14.491000175476074,14.564000129699707,14.14799976348877,14.265000343322754,14.256834030151367,389168000
370,2023-01-06,14.473999977111816,15.010000228881836,14.034000396728516,14.859000205993652,14.850492477416992,405044000
371,2023-01-09,15.284000396728516,16.055999755859375,15.140999794006348,15.628000259399414,15.61905288696289,504231000
372,2023-01-10,15.506999969482422,15.961999893188477,15.472000122070312,15.909000396728516,15.89989185333252,384101000
373,2023-01-11,15.84000015258789,16.027999877929688,15.562999725341797,16.000999450683594,15.991838455200195,353285000
374,2023-01-12,16.100000381469727,16.636999130249023,15.491999626159668,16.51099967956543,16.50154685974121,551409000
375,2023-01-13,16.277999877929688,16.922000885009766,16.165000915527344,16.89900016784668,16.889326095581055,447287000
376,2023-01-17,16.89900016784668,17.72800064086914,16.89900016784668,17.70199966430664,17.691865921020508,511102000
377,2023-01-18,17.66699981689453,17.87299919128418,17.281999588012695,17.37700080871582,17.367053985595703,439624000
378,2023-01-19,17.035999298095703,17.19700050354004,16.731000900268555,16.764999389648438,16.755403518676758,452932000
379,2023-01-20,17.01099967956543,17.856000900268555,16.825000762939453,17.839000701904297,17.82878875732422,564967000
380,2023-01-23,18.06399917602539,19.2450008392334,17.81800079345703,19.19300079345703,19.1820125579834,655163000
381,2023-01-24,18.82699966430664,19.4950008392334,18.81999969482422,19.264999389648438,19.25396728515625,496204000
382,2023-01-25,18.913000106811523,19.3700008392334,18.579999923706055,19.322999954223633,19.311939239501953,449537000
383,2023-01-26,19.701000213623047,20.166000366210938,19.277999877929688,19.802000045776367,19.79066276550293,489535000
384,2023-01-27,19.461999893188477,20.628000259399414,19.405000686645508,20.364999771118164,20.353342056274414,542142000
385,2023-01-30,19.950000762939453,20.139999389648438,19.149999618530273,19.16200065612793,19.151031494140625,488611000
386,2023-01-31,19.170000076293945,19.687000274658203,18.950000762939453,19.53700065612793,19.525815963745117,498017000
387,2023-02-01,19.69099998474121,21.191999435424805,19.611000061035156,20.94300079345703,20.931011199951172,660477000
388,2023-02-02,21.0,21.948999404907227,20.700000762939453,21.708999633789062,21.696571350097656,564276000
389,2023-02-03,21.0,21.7450008392334,20.788999557495117,21.100000381469727,21.087921142578125,429366000
390,2023-02-06,20.805999755859375,21.56999969482422,20.785999298095703,21.089000701904297,21.076927185058594,452197000
391,2023-02-07,21.381999969482422,22.259000778198242,21.149999618530273,22.17300033569336,22.160306930541992,664150000
392,2023-02-08,22.386999130249023,22.878000259399414,22.007999420166016,22.204999923706055,22.19228744506836,559651000
393,2023-02-09,22.606000900268555,23.020000457763672,22.1200008392334,22.336999893188477,22.3242130279541,523876000
394,2023-02-10,21.690000534057617,22.077999114990234,20.81100082397461,21.264999389648438,21.252824783325195,550737000
395,2023-02-13,21.538000106811523,22.04800033569336,20.961999893188477,21.788000106811523,21.775524139404297,474919000
396,2023-02-14,21.577999114990234,23.048999786376953,21.365999221801758,22.97100067138672,22.957849502563477,675474000
397,2023-02-15,22.548999786376953,22.854999542236328,22.106000900268555,22.763999938964844,22.750965118408203,420575000
398,2023-02-16,22.132999420166016,22.549999237060547,21.927000045776367,22.00200080871582,21.989404678344727,412026000
399,2023-02-17,21.631000518798828,21.739999771118164,20.975000381469727,21.38800048828125,21.375757217407227,465888000
400,2023-02-21,21.0,21.493999481201172,20.618000030517578,20.655000686645508,20.64317512512207,410015000
401,2023-02-22,20.707000732421875,21.104000091552734,20.42099952697754,20.753999710083008,20.742116928100586,513184000
402,2023-02-23,23.440000534057617,23.88800048828125,23.024999618530273,23.663999557495117,23.65045166015625,1117995000
403,2023-02-24,23.225000381469727,23.474000930786133,22.94700050354004,23.285999298095703,23.272668838500977,589716000
404,2023-02-27,23.670000076293945,23.8799991607666,23.45400047302246,23.500999450683594,23.4875431060791,452994000
405,2023-02-28,23.371999740600586,23.825000762939453,23.20599937438965,23.215999603271484,23.202707290649414,455963000
406,2023-03-01,23.191999435424805,23.256000518798828,22.507999420166016,22.697999954223633,22.68500518798828,460026000
407,2023-03-02,22.488000869750977,23.3799991607666,22.43199920654297,23.31399917602539,23.30065155029297,389415000
408,2023-03-03,23.31999969482422,23.899999618530273,23.1299991607666,23.889999389648438,23.87632179260254,412393000
409,2023-03-06,23.891000747680664,24.24799919128418,23.48699951171875,23.554000854492188,23.540517807006836,437429000
410,2023-03-07,23.600000381469727,24.125,23.240999221801758,23.288000106811523,23.27861976623535,515154000
411,2023-03-08,23.48699951171875,24.200000762939453,23.423999786376953,24.180999755859375,24.171260833740234,513573000
412,2023-03-09,24.174999237060547,24.45400047302246,23.382999420166016,23.43600082397461,23.426563262939453,501257000
413,2023-03-10,23.409000396728516,23.62700080871582,22.72599983215332,22.96500015258789,22.95574951171875,474866000
414,2023-03-13,22.75200080871582,23.29800033569336,22.297000885009766,22.965999603271484,22.956748962402344,421890000
415,2023-03-14,23.496000289916992,24.2189998626709,23.459999084472656,24.062999725341797,24.053308486938477,474910000
416,2023-03-15,23.76099967956543,24.285999298095703,23.360000610351562,24.22800064086914,24.218244552612305,524486000
417,2023-03-16,24.027000427246094,25.58799934387207,23.893999099731445,25.541000366210938,25.53071403503418,583253000
418,2023-03-17,25.98200035095215,26.39900016784668,25.667999267578125,25.725000381469727,25.71463966369629,848547000
419,2023-03-20,25.614999771118164,26.02400016784668,25.1299991607666,25.899999618530273,25.889570236206055,432747000
420,2023-03-21,26.18000030517578,26.392000198364258,25.381000518798828,26.198999404907227,26.18844985961914,547408000
421,2023-03-22,26.424999237060547,27.589000701904297,26.23699951171875,26.468000411987305,26.457338333129883,797295000
422,2023-03-23,27.114999771118164,27.499000549316406,26.690000534057617,27.19099998474121,27.1800479888916,564889000
423,2023-03-24,27.0310001373291,27.16699981689453,26.354999542236328,26.77899932861328,26.76821517944336,454920000
424,2023-03-27,26.836999893188477,27.0,26.364999771118164,26.5310001373291,26.520315170288086,361026000
425,2023-03-28,26.44700050354004,26.51300048828125,25.850000381469727,26.40999984741211,26.399364471435547,356104000
426,2023-03-29,26.825000762939453,27.077999114990234,26.597000122070312,26.983999252319336,26.973133087158203,393694000
427,2023-03-30,27.229000091552734,27.499000549316406,27.101999282836914,27.382999420166016,27.371971130371094,364516000
428,2023-03-31,27.139999389648438,27.833999633789062,27.104999542236328,27.777000427246094,27.765811920166016,433933000
429,2023-04-03,27.509000778198242,28.0,27.336000442504883,27.96500015258789,27.9537353515625,398716000
430,2023-04-04,27.965999603271484,28.0,27.30699920654297,27.452999114990234,27.44194221496582,368592000
431,2023-04-05,26.82900047302246,26.99799919128418,26.395000457763672,26.881000518798828,26.87017250061035,515015000
432,2023-04-06,26.583999633789062,27.079999923706055,26.427000045776367,27.03700065612793,27.02610969543457,397654000
433,2023-04-10,26.822999954223633,27.621000289916992,26.66900062561035,27.57900047302246,27.56789207458496,395279000
434,2023-04-11,27.724000930786133,27.790000915527344,27.125999450683594,27.16900062561035,27.158058166503906,314378000
435,2023-04-12,27.3700008392334,27.468000411987305,26.447999954223633,26.4950008392334,26.484331130981445,446259000
436,2023-04-13,26.733999252319336,26.886999130249023,26.32900047302246,26.46299934387207,26.452341079711914,353615000
437,2023-04-14,26.503999710083008,26.882999420166016,26.219999313354492,26.757999420166016,26.747222900390625,395660000
438,2023-04-17,26.565000534057617,27.006000518798828,26.433000564575195,27.00200080871582,26.991125106811523,321471000
439,2023-04-18,27.533000946044922,28.110000610351562,27.35700035095215,27.66699981689453,27.65585708618164,604812000
440,2023-04-19,27.361000061035156,28.0,27.23200035095215,27.930999755859375,27.919750213623047,358660000
441,2023-04-20,27.67099952697754,28.030000686645508,27.0,27.104000091552734,27.09308624267578,427713000
442,2023-04-21,26.95199966430664,27.183000564575195,26.722000122070312,27.118999481201172,27.108076095581055,345103000
443,2023-04-24,27.01300048828125,27.365999221801758,26.67099952697754,27.04199981689453,27.031108856201172,339282000
444,2023-04-25,27.077999114990234,27.246999740600586,26.225000381469727,26.240999221801758,26.230432510375977,378527000
445,2023-04-26,27.00200080871582,27.329999923706055,26.704999923706055,26.95599937438965,26.94514274597168,406337000
446,2023-04-27,27.363000869750977,27.4950008392334,26.625,27.22599983215332,27.21503448486328,377161000
447,2023-04-28,27.225000381469727,27.757999420166016,27.070999145507812,27.749000549316406,27.737825393676758,292216000
448,2023-05-01,27.84000015258789,29.058000564575195,27.780000686645508,28.90999984741211,28.898357391357422,570329000
449,2023-05-02,28.68000030517578,28.836000442504883,28.08300018310547,28.209999084472656,28.198637008666992,402730000
450,2023-05-03,27.84000015258789,28.367000579833984,27.472000122070312,27.802000045776367,27.790802001953125,383387000
451,2023-05-04,27.650999069213867,27.858999252319336,27.239999771118164,27.562000274658203,27.550899505615234,321850000
452,2023-05-05,27.826000213623047,28.7549991607666,27.731000900268555,28.68000030517578,28.668447494506836,361494000
453,2023-05-08,28.52199935913086,29.219999313354492,28.350000381469727,29.150999069213867,29.139259338378906,344979000
454,2023-05-09,28.89900016784668,28.972999572753906,28.450000762939453,28.570999145507812,28.559492111206055,314869000
455,2023-05-10,29.0049991607666,29.113000869750977,28.461000442504883,28.885000228881836,28.873367309570312,369350000
456,2023-05-11,28.895999908447266,28.950000762939453,28.246000289916992,28.577999114990234,28.56648826599121,322149000
457,2023-05-12,28.52899932861328,28.780000686645508,28.04599952697754,28.34000015258789,28.32858657836914,274222000
458,2023-05-15,28.507999420166016,28.9689998626709,28.152000427246094,28.952999114990234,28.94133949279785,293926000
459,2023-05-16,28.840999603271484,29.8700008392334,28.832000732421875,29.21299934387207,29.20123291015625,449405000
460,2023-05-17,29.583999633789062,30.198999404907227,29.43000030517578,30.17799949645996,30.165843963623047,432535000
461,2023-05-18,30.40999984741211,31.827999114990234,30.31999969482422,31.67799949645996,31.665241241455078,748725000
462,2023-05-19,31.535999298095703,31.579999923706055,30.916000366210938,31.263999938964844,31.251407623291016,473908000
463,2023-05-22,30.900999069213867,31.520000457763672,30.68000030517578,31.176000595092773,31.163442611694336,372000000
464,2023-05-23,31.0,31.288000106811523,30.631000518798828,30.687999725341797,30.67563819885254,356253000
465,2023-05-24,30.209999084472656,30.60700035095215,29.805999755859375,30.538000106811523,30.52570152282715,721419000
466,2023-05-25,38.52299880981445,39.47999954223633,36.6349983215332,37.97999954223633,37.96470260620117,1543911000
467,2023-05-26,37.88999938964844,39.16999816894531,37.54999923706055,38.94599914550781,38.93031311035156,714397000
468,2023-05-30,40.595001220703125,41.9379997253418,39.94900131225586,40.111000061035156,40.094844818115234,923401000
469,2023-05-31,39.487998962402344,40.29499816894531,37.821998596191406,37.83399963378906,37.81875991821289,1002580000
470,2023-06-01,38.48899841308594,40.04999923706055,38.34000015258789,39.77000045776367,39.75398254394531,635873000
471,2023-06-02,40.09700012207031,40.5,39.05799865722656,39.32699966430664,39.311161041259766,482731000
472,2023-06-05,38.909000396728516,39.564998626708984,38.707000732421875,39.17100143432617,39.15522766113281,396094000
473,2023-06-06,38.83000183105469,39.15999984741211,38.14799880981445,38.65399932861328,38.638431549072266,388729000
474,2023-06-07,38.915000915527344,39.499000549316406,37.35599899291992,37.474998474121094,37.463783264160156,511998000
475,2023-06-08,37.7239990234375,38.86399841308594,37.505001068115234,38.5099983215332,38.49847412109375,417772000
476,2023-06-09,39.0369987487793,39.71099853515625,38.56700134277344,38.77000045776367,38.75839614868164,427717000
477,2023-06-12,39.20000076293945,39.529998779296875,38.61800003051758,39.481998443603516,39.470184326171875,388701000
478,2023-06-13,40.18600082397461,41.10100173950195,39.7400016784668,41.02199935913086,41.00972366333008,613208000
479,2023-06-14,40.82400131225586,43.0,40.551998138427734,42.99700164794922,42.984130859375,740465000
480,2023-06-15,42.60200119018555,43.28900146484375,42.14699935913086,42.65299987792969,42.640235900878906,568622000
481,2023-06-16,43.45000076293945,43.72100067138672,42.6609992980957,42.69200134277344,42.679222106933594,655709000
482,2023-06-20,42.99800109863281,43.9900016784668,42.67399978637695,43.80799865722656,43.79488754272461,451153000
483,2023-06-21,43.500999450683594,43.6150016784668,42.08000183105469,43.04499816894531,43.0321159362793,551603000
484,2023-06-22,42.25299835205078,43.42599868774414,42.23400115966797,43.025001525878906,43.01212692260742,417737000
485,2023-06-23,42.4640007019043,42.808998107910156,42.01499938964844,42.20899963378906,42.19636535644531,358140000
486,2023-06-26,42.46099853515625,42.763999938964844,40.099998474121094,40.63199996948242,40.61983871459961,594322000
487,2023-06-27,40.79899978637695,41.939998626708984,40.448001861572266,41.875999450683594,41.86346435546875,462175000
488,2023-06-28,40.65999984741211,41.845001220703125,40.518001556396484,41.117000579833984,41.10469436645508,582639000
489,2023-06-29,41.55799865722656,41.599998474121094,40.599998474121094,40.821998596191406,40.80978012084961,380514000
490,2023-06-30,41.68000030517578,42.54999923706055,41.500999450683594,42.301998138427734,42.289337158203125,501148000
491,2023-07-03,42.516998291015625,42.89799880981445,42.20199966430664,42.41299819946289,42.400306701660156,198209000
492,2023-07-05,42.1349983215332,43.176998138427734,42.084999084472656,42.31700134277344,42.30433654785156,323618000
493,2023-07-06,41.84400177001953,42.17900085449219,41.34600067138672,42.10300064086914,42.090396881103516,303582000
494,2023-07-07,42.321998596191406,43.2140007019043,42.18000030517578,42.50299835205078,42.49027633666992,355881000
495,2023-07-10,42.65700149536133,42.81100082397461,41.64899826049805,42.18000030517578,42.16737365722656,353908000
496,2023-07-11,42.48099899291992,42.757999420166016,42.06700134277344,42.404998779296875,42.39230728149414,298244000
497,2023-07-12,43.03300094604492,43.935001373291016,42.777000427246094,43.902000427246094,43.888858795166016,481277000
498,2023-07-13,44.518001556396484,46.154998779296875,44.492000579833984,45.97700119018555,45.96324157714844,478204000
499,2023-07-14,46.58300018310547,48.0880012512207,45.060001373291016,45.46900177001953,45.45539093017578,772075000
500,2023-07-17,46.28900146484375,46.49599838256836,45.262001037597656,46.46099853515625,46.44709396362305,510488000
501,2023-07-18,46.70100021362305,47.895999908447266,45.73400115966797,47.49399948120117,47.47978591918945,569164000
502,2023-07-19,47.4640007019043,47.81800079345703,46.742000579833984,47.07699966430664,47.06290817260742,427502000
503,2023-07-20,46.50699996948242,47.08700180053711,45.0620002746582,45.52000045776367,45.50637435913086,537865000
504,2023-07-21,45.78799819946289,45.86600112915039,44.099998474121094,44.308998107910156,44.29573440551758,963769000
505,2023-07-24,44.73099899291992,45.10900115966797,44.040000915527344,44.61199951171875,44.59864807128906,382516000
506,2023-07-25,44.941001892089844,46.18299865722656,44.92300033569336,45.67900085449219,45.66532516479492,348081000
507,2023-07-26,46.020999908447266,46.053001403808594,44.630001068115234,45.45199966430664,45.43839645385742,364237000
508,2023-07-27,46.51900100708008,47.39500045776367,45.75,45.900001525878906,45.88626480102539,455976000
509,2023-07-28,46.667999267578125,47.027000427246094,46.38100051879883,46.75,46.73600769042969,331194000
510,2023-07-31,46.75400161743164,47.130001068115234,46.50600051879883,46.729000091552734,46.71501159667969,251055000
511,2023-08-01,46.459999084472656,46.900001525878906,46.027000427246094,46.50699996948242,46.493080139160156,237858000
512,2023-08-02,45.83100128173828,45.84000015258789,43.387001037597656,44.26900100708008,44.25575256347656,530142000
513,2023-08-03,43.79999923706055,45.11800003051758,43.79999923706055,44.51499938964844,44.501678466796875,324176000
514,2023-08-04,44.98500061035156,45.641998291015625,44.393001556396484,44.68000030517578,44.6666259765625,362666000
515,2023-08-07,45.111000061035156,45.540000915527344,44.5629997253418,45.41699981689453,45.40340805053711,322154000
516,2023-08-08,44.85300064086914,45.242000579833984,44.055999755859375,44.66400146484375,44.650634765625,353843000
517,2023-08-09,44.27399826049805,44.3120002746582,42.13399887084961,42.55400085449219,42.541263580322266,586449000
518,2023-08-10,42.15999984741211,43.57400131225586,41.834999084472656,42.38800048828125,42.37531280517578,492705000
519,2023-08-11,41.750999450683594,42.018001556396484,40.638999938964844,40.85499954223633,40.8427734375,533085000
520,2023-08-14,40.486000061035156,43.79999923706055,40.31100082397461,43.75299835205078,43.73990249633789,690286000
521,2023-08-15,44.560001373291016,45.268001556396484,43.709999084472656,43.939998626708984,43.926849365234375,676512000
522,2023-08-16,44.52000045776367,44.67499923706055,43.40599822998047,43.486000061035156,43.472984313964844,527451000
523,2023-08-17,43.970001220703125,44.0620002746582,43.000999450683594,43.34400177001953,43.33102798461914,452395000
524,2023-08-18,42.6349983215332,43.577999114990234,41.65999984741211,43.29899978637695,43.286041259765625,583768000
525,2023-08-21,44.49399948120117,47.064998626708984,44.22200012207031,46.96699905395508,46.952945709228516,692573000
526,2023-08-22,48.1349983215332,48.1870002746582,45.33300018310547,45.667999267578125,45.654335021972656,755293000
527,2023-08-23,45.86600112915039,47.20000076293945,45.20800018310547,47.11600112915039,47.10190200805664,779046000
528,2023-08-24,50.215999603271484,50.26599884033203,47.159000396728516,47.16299819946289,47.14888381958008,1156044000
529,2023-08-25,47.012001037597656,47.80500030517578,45.02399826049805,46.018001556396484,46.00422668457031,925341000
530,2023-08-28,46.481998443603516,46.97999954223633,44.88800048828125,46.834999084472656,46.82098388671875,685192000
531,2023-08-29,46.66600036621094,49.08100128173828,46.39099884033203,48.784000396728516,48.76940155029297,701397000
532,2023-08-30,49.04399871826172,49.926998138427734,48.42499923706055,49.263999938964844,49.24925231933594,735206000
533,2023-08-31,49.380001068115234,49.74399948120117,48.95800018310547,49.35499954223633,49.34022521972656,528570000
534,2023-09-01,49.762001037597656,49.79999923706055,48.141998291015625,48.50899887084961,48.494483947753906,463830000
535,2023-09-05,48.222999572753906,48.85100173950195,47.86000061035156,48.54800033569336,48.533470153808594,382653000
536,2023-09-06,48.441001892089844,48.54899978637695,46.58000183105469,47.06100082397461,47.0507926940918,468670000
537,2023-09-07,45.525001525878906,46.34400177001953,45.152000427246094,46.24100112915039,46.23096466064453,433330000
538,2023-09-08,45.94200134277344,46.60599899291992,45.270999908447266,45.571998596191406,45.56211471557617,473069000
539,2023-09-11,46.14799880981445,46.16299819946289,44.3120002746582,45.178001403808594,45.16819763183594,473966000
540,2023-09-12,44.737998962402344,45.67300033569336,44.53099822998047,44.869998931884766,44.86026382446289,349256000
541,2023-09-13,44.599998474121094,45.93000030517578,44.50299835205078,45.48500061035156,45.475135803222656,398355000
542,2023-09-14,45.95000076293945,45.98699951171875,45.13100051879883,45.58100128173828,45.57111740112305,370097000
543,2023-09-15,45.340999603271484,45.5989990234375,43.80799865722656,43.900001525878906,43.89047622680664,506831000
544,2023-09-18,42.74800109863281,44.242000579833984,42.0,43.965999603271484,43.956459045410156,500271000
545,2023-09-19,43.83300018310547,43.965999603271484,43.00199890136719,43.52000045776367,43.51055908203125,373064000
546,2023-09-20,43.599998474121094,43.90299987792969,42.222999572753906,42.23899841308594,42.22983932495117,367108000
547,2023-09-21,41.58300018310547,42.099998474121094,40.97999954223633,41.016998291015625,41.00810241699219,450736000
548,2023-09-22,41.571998596191406,42.1150016784668,41.23099899291992,41.61000061035156,41.60097122192383,479236000
549,2023-09-25,41.590999603271484,42.5359992980957,41.176998138427734,42.22200012207031,42.21284103393555,419091000
550,2023-09-26,42.000999450683594,42.81999969482422,41.654998779296875,41.9109992980957,41.90190887451172,402282000
551,2023-09-27,42.33000183105469,42.87200164794922,41.62900161743164,42.46799850463867,42.45878601074219,444935000
552,2023-09-28,42.459999084472656,43.44599914550781,42.1150016784668,43.0890007019043,43.07965087890625,424663000
553,2023-09-29,43.82699966430664,44.14400100708008,43.30699920654297,43.499000549316406,43.48956298828125,397830000
554,2023-10-02,44.029998779296875,45.17499923706055,43.861000061035156,44.78200149536133,44.77228546142578,433298000
555,2023-10-03,44.80799865722656,45.130001068115234,43.24599838256836,43.516998291015625,43.5075569152832,470850000
556,2023-10-04,43.742000579833984,44.143001556396484,43.29199981689453,44.04100036621094,44.03144454956055,361821000
557,2023-10-05,44.04999923706055,44.900001525878906,43.88800048828125,44.6879997253418,44.678306579589844,393483000
558,2023-10-06,44.19300079345703,45.78900146484375,44.0260009765625,45.762001037597656,45.752071380615234,434436000
559,2023-10-09,44.84199905395508,45.60499954223633,44.36800003051758,45.27299880981445,45.26317596435547,409675000
560,2023-10-10,45.310001373291016,46.25899887084961,45.0880012512207,45.79800033569336,45.78806686401367,368582000
561,2023-10-11,46.19599914550781,46.85900115966797,46.04999923706055,46.805999755859375,46.795841217041016,378137000
562,2023-10-12,46.777000427246094,47.60900115966797,46.33000183105469,46.94499969482422,46.934814453125,481325000
563,2023-10-13,46.959999084472656,47.11600112915039,45.279998779296875,45.46099853515625,45.451133728027344,474115000
564,2023-10-16,45.0629997253418,46.224998474121094,44.9119987487793,46.095001220703125,46.08500289916992,375099000
565,2023-10-17,44.0,44.75400161743164,42.47999954223633,43.9379997253418,43.928466796875,812333000
566,2023-10-18,42.590999603271484,43.21900177001953,41.82500076293945,42.19599914550781,42.18684387207031,627294000
567,2023-10-19,42.81100082397461,43.297000885009766,41.88199996948242,42.10100173950195,42.09186935424805,501233000
568,2023-10-20,41.88999938964844,42.470001220703125,41.077999114990234,41.387001037597656,41.378021240234375,477266000
569,2023-10-23,41.229000091552734,43.24800109863281,40.94499969482422,42.974998474121094,42.96567916870117,478530000
570,2023-10-24,43.07699966430664,43.696998596191406,42.691001892089844,43.66299819946289,43.653526306152344,401463000
571,2023-10-25,43.39799880981445,43.650001525878906,41.55500030517578,41.77899932861328,41.76993179321289,398379000
572,2023-10-26,41.85300064086914,42.25600051879883,39.880001068115234,40.32600021362305,40.31725311279297,541001000
573,2023-10-27,41.130001068115234,41.20600128173828,40.01499938964844,40.5,40.491214752197266,416784000
574,2023-10-30,41.08700180053711,41.76599884033203,40.48099899291992,41.1609992980957,41.152069091796875,388028000
575,2023-10-31,40.45000076293945,40.87900161743164,39.22999954223633,40.779998779296875,40.77115249633789,517969000
576,2023-11-01,40.88399887084961,42.38100051879883,40.86899948120117,42.32500076293945,42.31582260131836,437593000
577,2023-11-02,43.327999114990234,43.88399887084961,42.89400100708008,43.50600051879883,43.496559143066406,409172000
578,2023-11-03,44.02000045776367,45.308998107910156,43.722999572753906,45.005001068115234,44.9952392578125,424610000
579,2023-11-06,45.28499984741211,45.935001373291016,44.89899826049805,45.750999450683594,45.74107360839844,400733000
580,2023-11-07,45.71900177001953,46.21799850463867,45.15800094604492,45.95500183105469,45.94503402709961,343165000
581,2023-11-08,46.099998474121094,46.867000579833984,45.96799850463867,46.57400131225586,46.56389617919922,346719000
582,2023-11-09,47.46699905395508,48.22999954223633,46.75,46.95000076293945,46.939815521240234,540496000
583,2023-11-10,47.5,48.47200012207031,47.28300094604492,48.334999084472656,48.32451248168945,421245000
584,2023-11-13,48.31999969482422,49.11600112915039,48.0989990234375,48.619998931884766,48.60945129394531,384136000
585,2023-11-14,49.68000030517578,49.83399963378906,49.040000915527344,49.65599822998047,49.645225524902344,416954000
586,2023-11-15,49.935001373291016,49.959999084472656,48.20000076293945,48.88800048828125,48.87739181518555,475497000
587,2023-11-16,48.67900085449219,49.525001525878906,48.33000183105469,49.47999954223633,49.469268798828125,339756000
588,2023-11-17,49.52399826049805,49.71699905395508,49.00699996948242,49.29800033569336,49.28730773925781,325205000
589,2023-11-20,49.3120002746582,50.54800033569336,49.180999755859375,50.409000396728516,50.39806365966797,414120000
590,2023-11-21,50.125999450683594,50.516998291015625,49.22200012207031,49.944000244140625,49.93316650390625,565747000
591,2023-11-22,49.85200119018555,50.334999084472656,47.689998626708984,48.715999603271484,48.70542907714844,899420000
592,2023-11-24,48.470001220703125,48.92100143432617,47.744998931884766,47.7760009765625,47.7656364440918,294645000
593,2023-11-27,47.79999923706055,48.529998779296875,47.652000427246094,48.242000579833984,48.23153305053711,395662000
594,2023-11-28,48.236000061035156,48.323001861572266,47.472999572753906,47.82099914550781,47.81062316894531,401491000
595,2023-11-29,48.37900161743164,48.762001037597656,47.86000061035156,48.13999938964844,48.129554748535156,382005000
596,2023-11-30,48.02399826049805,48.11000061035156,46.422000885009766,46.77000045776367,46.75985336303711,526247000
597,2023-12-01,46.525001525878906,47.20000076293945,46.1870002746582,46.76499938964844,46.754852294921875,369317000
598,2023-12-04,46.07699966430664,46.07699966430664,45.0099983215332,45.5099983215332,45.5001220703125,437543000
599,2023-12-05,45.465999603271484,46.599998474121094,45.270999908447266,46.566001892089844,46.55998992919922,371718000
600,2023-12-06,47.21500015258789,47.387001037597656,45.4119987487793,45.50299835205078,45.497127532958984,380590000
601,2023-12-07,45.70000076293945,46.62900161743164,45.604000091552734,46.59600067138672,46.589988708496094,350823000
602,2023-12-08,46.595001220703125,47.74100112915039,46.54999923706055,47.50600051879883,47.49987030029297,359224000
603,2023-12-11,47.49100112915039,47.53099822998047,45.83000183105469,46.62699890136719,46.6209831237793,509728000
604,2023-12-12,46.04600143432617,47.66600036621094,46.04600143432617,47.65700149536133,47.65085220336914,372387000
605,2023-12-13,47.62900161743164,48.59400177001953,47.608001708984375,48.0880012512207,48.0817985534668,447792000
606,2023-12-14,48.38999938964844,48.66999816894531,47.422000885009766,48.349998474121094,48.34375762939453,391232000
607,2023-12-15,48.194000244140625,49.40399932861328,48.119998931884766,48.88999938964844,48.883689880371094,479948000
608,2023-12-18,49.400001525878906,50.43299865722656,49.150001525878906,50.07699966430664,50.07053756713867,412587000
609,2023-12-19,49.42399978637695,49.70000076293945,48.89500045776367,49.604000091552734,49.597599029541016,464444000
610,2023-12-20,49.654998779296875,49.999000549316406,48.097999572753906,48.111000061035156,48.10478973388672,397894000
611,2023-12-21,48.81100082397461,49.095001220703125,48.41899871826172,48.9900016784668,48.983680725097656,300425000
612,2023-12-22,49.19499969482422,49.382999420166016,48.46699905395508,48.83000183105469,48.82370376586914,252507000
613,2023-12-26,48.96799850463867,49.599998474121094,48.959999084472656,49.27899932861328,49.272640228271484,244200000
614,2023-12-27,49.51100158691406,49.68000030517578,49.084999084472656,49.41699981689453,49.410621643066406,233648000
615,2023-12-28,49.643001556396484,49.88399887084961,49.4119987487793,49.52199935913086,49.51560974121094,246587000
616,2023-12-29,49.8129997253418,49.99700164794922,48.750999450683594,49.52199935913086,49.51560974121094,389293000
617,2024-01-02,49.24399948120117,49.29499816894531,47.595001220703125,48.167999267578125,48.16178512573242,411254000
618,2024-01-03,47.48500061035156,48.183998107910156,47.31999969482422,47.569000244140625,47.562862396240234,320896000
619,2024-01-04,47.766998291015625,48.5,47.507999420166016,47.99800109863281,47.9918098449707,306535000
620,2024-01-05,48.46200180053711,49.547000885009766,48.305999755859375,49.09700012207031,49.09066390991211,415039000
621,2024-01-08,49.512001037597656,52.275001525878906,49.479000091552734,52.25299835205078,52.24625778198242,642510000
622,2024-01-09,52.4010009765625,54.32500076293945,51.689998626708984,53.13999938964844,53.13314437866211,773100000
623,2024-01-10,53.61600112915039,54.599998474121094,53.48899841308594,54.349998474121094,54.342987060546875,533796000
624,2024-01-11,54.999000549316406,55.34600067138672,53.560001373291016,54.821998596191406,54.81492614746094,596759000
625,2024-01-12,54.619998931884766,54.970001220703125,54.33000183105469,54.709999084472656,54.702938079833984,352994000
626,2024-01-16,55.018001556396484,56.834999084472656,54.900001525878906,56.38199996948242,56.374725341796875,449580000
627,2024-01-17,56.34700012207031,56.47100067138672,54.7400016784668,56.053001403808594,56.04576873779297,474394000
628,2024-01-18,57.2599983215332,57.599998474121094,56.106998443603516,57.106998443603516,57.09962844848633,491650000
629,2024-01-19,57.98899841308594,59.5,57.224998474121094,59.49100112915039,59.48332595825195,543501000
630,2024-01-22,60.04899978637695,60.33100128173828,59.06999969482422,59.65399932861328,59.646305084228516,452955000
631,2024-01-23,59.56999969482422,59.90999984741211,58.584999084472656,59.87300109863281,59.86527633666992,294654000
632,2024-01-24,60.30400085449219,62.8489990234375,59.9379997253418,61.36199951171875,61.35408401489258,560271000
633,2024-01-25,62.349998474121094,62.71900177001953,60.849998474121094,61.617000579833984,61.609046936035156,482777000
634,2024-01-26,60.959999084472656,61.78300094604492,60.573001861572266,61.03099822998047,61.02312469482422,390309000
635,2024-01-29,61.231998443603516,62.48899841308594,60.90700149536133,62.46500015258789,62.456939697265625,348733000
636,2024-01-30,62.900001525878906,63.49300003051758,62.2599983215332,62.77399826049805,62.76589584350586,410735000
637,2024-01-31,61.439998626708984,62.26900100708008,60.70000076293945,61.527000427246094,61.51905822753906,453795000
638,2024-02-01,62.099998474121094,63.191001892089844,61.650001525878906,63.027000427246094,63.01886749267578,369146000
639,2024-02-02,63.9739990234375,66.5999984741211,63.689998626708984,66.16000366210938,66.1514663696289,476578000
640,2024-02-05,68.2249984741211,69.49700164794922,67.20500183105469,69.33200073242188,69.32305908203125,680078000
641,2024-02-06,69.62999725341797,69.75399780273438,66.30000305175781,68.2229995727539,68.21420288085938,683111000
642,2024-02-07,68.31900024414062,70.22000122070312,67.5999984741211,70.0989990234375,70.08995056152344,495575000
643,2024-02-08,70.0739974975586,70.79399871826172,69.45500183105469,69.64099884033203,69.63201141357422,414422000
644,2024-02-09,70.53299713134766,72.18499755859375,70.21199798583984,72.13300323486328,72.12369537353516,436637000
645,2024-02-12,72.5999984741211,74.61100006103516,71.25,72.24800109863281,72.23867797851562,613710000
646,2024-02-13,70.4000015258789,73.44999694824219,69.62000274658203,72.12799835205078,72.11869049072266,602580000
647,2024-02-14,73.2020034790039,74.23600006103516,71.93800354003906,73.9000015258789,73.89046478271484,504917000
648,2024-02-15,73.86900329589844,73.9749984741211,72.4000015258789,72.65799713134766,72.64862060546875,420122000
649,2024-02-16,74.0999984741211,74.4020004272461,72.5009994506836,72.61299896240234,72.60363006591797,495327000
650,2024-02-20,71.9469985961914,71.95600128173828,67.73400115966797,69.4520034790039,69.44303894042969,704833000
651,2024-02-21,68.00599670410156,68.88800048828125,66.24800109863281,67.47200012207031,67.46329498291016,690298000
652,2024-02-22,75.0250015258789,78.57499694824219,74.22000122070312,78.53800201416016,78.52786254882812,865100000
653,2024-02-23,80.79000091552734,82.39399719238281,77.56999969482422,78.81700134277344,78.80682373046875,829388000
654,2024-02-26,79.69999694824219,80.64600372314453,78.50499725341797,79.09200286865234,79.08180236816406,503973000
655,2024-02-27,79.38099670410156,79.4800033569336,77.16200256347656,78.70099639892578,78.69084167480469,391705000
656,2024-02-28,77.62000274658203,78.93299865722656,77.125,77.66300201416016,77.65298461914062,393110000
657,2024-02-29,79.09400177001953,79.98999786376953,78.3499984741211,79.11199951171875,79.10179138183594,507289000
658,2024-03-01,80.0,82.30000305175781,79.43499755859375,82.27899932861328,82.26837921142578,479135000
659,2024-03-04,84.12999725341797,87.69499969482422,83.71900177001953,85.23699951171875,85.22599792480469,615616000
660,2024-03-05,85.2699966430664,86.09700012207031,83.41699981689453,85.96399688720703,85.95693969726562,520639000
661,2024-03-06,88.02200317382812,89.7239990234375,87.02999877929688,88.69999694824219,88.69271087646484,582520000
662,2024-03-07,90.15799713134766,92.76699829101562,89.60199737548828,92.66899871826172,92.66138458251953,608119000
663,2024-03-08,95.13800048828125,97.4000015258789,86.50599670410156,87.52799987792969,87.52081298828125,1142269000
664,2024-03-11,86.42900085449219,88.7969970703125,84.16600036621094,85.77400207519531,85.76696014404297,678364000
665,2024-03-12,88.04900360107422,91.95999908447266,86.1500015258789,91.91300201416016,91.90544891357422,668075000
666,2024-03-13,91.05500030517578,91.50399780273438,88.43499755859375,90.88800048828125,90.88053894042969,635713000
667,2024-03-14,89.5770034790039,90.64600372314453,86.5999984741211,87.94400024414062,87.93677520751953,602318000
668,2024-03-15,86.93000030517578,89.5459976196289,86.25700378417969,87.83699798583984,87.82978057861328,642086000
669,2024-03-18,90.38800048828125,92.40499877929688,87.08499908447266,88.45500183105469,88.44773864746094,668976000
670,2024-03-19,86.69999694824219,90.54399871826172,85.01000213623047,89.39800262451172,89.39066314697266,672171000
671,2024-03-20,89.7969970703125,90.41000366210938,88.2229995727539,90.37200164794922,90.36457824707031,479063000
672,2024-03-21,92.30000305175781,92.64800262451172,90.40499877929688,91.43499755859375,91.427490234375,480372000
673,2024-03-22,91.14099884033203,94.77799987792969,90.83399963378906,94.28900146484375,94.28125762939453,586719000
674,2024-03-25,93.94100189208984,96.76599884033203,93.51000213623047,95.00199890136719,94.99419403076172,552136000
675,2024-03-26,95.85099792480469,96.375,92.50199890136719,92.56099700927734,92.55339813232422,513648000
676,2024-03-27,93.11199951171875,93.23999786376953,89.12300109863281,90.25,90.24258422851562,586067000
677,2024-03-28,90.0,91.30000305175781,89.19300079345703,90.35600280761719,90.34857940673828,435212000
678,2024-04-01,90.29900360107422,92.2249984741211,89.2040023803711,90.36299896240234,90.35557556152344,452441000
679,2024-04-02,88.447998046875,90.09400177001953,87.62000274658203,89.4520034790039,89.44465637207031,433064000
680,2024-04-03,88.48400115966797,90.3740005493164,88.4000015258789,88.96399688720703,88.9566879272461,370067000
681,2024-04-04,90.40599822998047,90.63400268554688,85.87999725341797,85.90499877929688,85.89794158935547,434965000
682,2024-04-05,86.86599731445312,88.48100280761719,85.9260025024414,88.00800323486328,88.00077819824219,399678000
683,2024-04-08,88.69999694824219,88.83000183105469,86.73200225830078,87.13300323486328,87.12584686279297,283220000
684,2024-04-09,87.44200134277344,87.63500213623047,83.02200317382812,85.35399627685547,85.34698486328125,503547000
685,2024-04-10,83.9260025024414,87.4000015258789,83.70899963378906,87.03900146484375,87.03185272216797,431929000
686,2024-04-11,87.41999816894531,90.73899841308594,86.9260025024414,90.61599731445312,90.60855102539062,431637000
687,2024-04-12,89.6989974975586,90.17500305175781,87.52999877929688,88.18599700927734,88.17875671386719,426805000
688,2024-04-15,89.0979995727539,90.61299896240234,85.92900085449219,86.0009994506836,85.99393463134766,443077000
689,2024-04-16,86.43299865722656,88.11799621582031,86.06400299072266,87.41500091552734,87.40782165527344,370453000
690,2024-04-17,88.33999633789062,88.7750015258789,83.94999694824219,84.03500366210938,84.0280990600586,495400000
691,2024-04-18,84.97000122070312,86.19000244140625,82.4020004272461,84.6709976196289,84.6640396118164,447260000
692,2024-04-19,83.1500015258789,84.3239974975586,75.60600280761719,76.19999694824219,76.19374084472656,875198000
693,2024-04-22,78.10399627685547,80.072998046875,76.4000015258789,79.51799774169922,79.51146697998047,596341000
694,2024-04-23,80.76899719238281,82.76899719238281,80.26399993896484,82.4229965209961,82.41622924804688,438559000
695,2024-04-24,83.94999694824219,84.08200073242188,79.18299865722656,79.677001953125,79.67045593261719,512208000
696,2024-04-25,78.86799621582031,83.322998046875,78.2229995727539,82.63200378417969,82.62521362304688,424641000
697,2024-04-26,83.81800079345703,88.33100128173828,83.38700103759766,87.73500061035156,87.72779083251953,551011000
698,2024-04-29,87.59500122070312,87.99199676513672,85.26599884033203,87.75700378417969,87.74979400634766,388971000
699,2024-04-30,87.23999786376953,88.81900024414062,86.30000305175781,86.4020004272461,86.39490509033203,363709000
700,2024-05-01,85.0770034790039,86.0,81.25499725341797,83.04100036621094,83.0341796875,559863000
701,2024-05-02,84.4489974975586,86.23699951171875,83.19999694824219,85.81700134277344,85.80995178222656,377898000
702,2024-05-03,87.78900146484375,89.28099822998047,87.04000091552734,88.78900146484375,88.78170776367188,398341000
703,2024-05-06,89.38999938964844,92.22000122070312,89.05500030517578,92.13999938964844,92.13243103027344,376203000
704,2024-05-07,91.0979995727539,91.78099822998047,89.01100158691406,90.55400085449219,90.54656219482422,437342000
705,2024-05-08,89.48300170898438,91.19400024414062,89.41999816894531,90.41200256347656,90.40457916259766,325721000
706,2024-05-09,90.52899932861328,91.0719985961914,88.23100280761719,88.74700164794922,88.73971557617188,378013000
707,2024-05-10,90.30500030517578,91.4010009765625,89.22699737548828,89.87799835205078,89.87061309814453,335325000
708,2024-05-13,90.47799682617188,90.99800109863281,88.52899932861328,90.39900207519531,90.3915786743164,289680000
709,2024-05-14,89.5989990234375,91.6510009765625,88.93399810791016,91.35600280761719,91.34849548339844,296507000
710,2024-05-15,92.47200012207031,94.86199951171875,91.5989990234375,94.62999725341797,94.62222290039062,417735000
711,2024-05-16,94.91000366210938,95.81900024414062,94.10299682617188,94.35900115966797,94.35124969482422,323952000
712,2024-05-17,94.36900329589844,94.73999786376953,91.80599975585938,92.47899627685547,92.47139739990234,359691000
713,2024-05-20,93.75,95.19999694824219,93.44000244140625,94.77999877929688,94.772216796875,318764000
714,2024-05-21,93.5989990234375,95.4000015258789,93.18000030517578,95.38600158691406,95.37816619873047,328946000
715,2024-05-22,95.45899963378906,96.0199966430664,93.2490005493164,94.94999694824219,94.94219970703125,548648000
716,2024-05-23,102.02799987792969,106.31999969482422,101.5199966430664,103.79900360107422,103.79048156738281,835065000
717,2024-05-24,104.4489974975586,106.4749984741211,103.0,106.46900177001953,106.46025848388672,429494000
718,2024-05-28,110.24400329589844,114.93900299072266,109.88300323486328,113.9010009765625,113.89164733886719,652728000
719,2024-05-29,113.05000305175781,115.49199676513672,110.9010009765625,114.82499694824219,114.81556701660156,557442000
720,2024-05-30,114.6500015258789,115.81900024414062,109.66300201416016,110.5,110.49092102050781,487350000
721,2024-05-31,112.5199966430664,112.71700286865234,106.94000244140625,109.63300323486328,109.6240005493164,613263000
722,2024-06-03,113.62100219726562,115.0,112.00299835205078,115.0,114.99055480957031,438392000
723,2024-06-04,115.71600341796875,116.5999984741211,114.04499816894531,116.43699645996094,116.42742919921875,403324000
724,2024-06-05,118.37100219726562,122.4489974975586,117.46800231933594,122.44000244140625,122.42994689941406,528402000
725,2024-06-06,124.0479965209961,125.58699798583984,118.31999969482422,120.99800109863281,120.9880599975586,664696000
726,2024-06-07,119.7699966430664,121.69200134277344,118.02200317382812,120.88800048828125,120.8780746459961,412386000
727,2024-06-10,120.37000274658203,123.0999984741211,117.01000213623047,121.79000091552734,121.77999877929688,314162700
728,2024-06-11,121.7699966430664,122.87000274658203,118.73999786376953,120.91000366210938,120.91000366210938,222551200
729,2024-06-12,123.05999755859375,126.87999725341797,122.56999969482422,125.19999694824219,125.19999694824219,299595000
730,2024-06-13,129.38999938964844,129.8000030517578,127.16000366210938,129.61000061035156,129.61000061035156,260704500
731,2024-06-14,129.9600067138672,132.83999633789062,128.32000732421875,131.8800048828125,131.8800048828125,309320400
732,2024-06-17,132.99000549316406,133.72999572753906,129.5800018310547,130.97999572753906,130.97999572753906,288504400
733,2024-06-18,131.13999938964844,136.3300018310547,130.69000244140625,135.5800018310547,135.5800018310547,294335100
734,2024-06-20,139.8000030517578,140.75999450683594,129.52000427246094,130.77999877929688,130.77999877929688,517768400
735,2024-06-21,127.12000274658203,130.6300048828125,124.30000305175781,126.56999969482422,126.56999969482422,655484700
736,2024-06-24,123.23999786376953,124.45999908447266,118.04000091552734,118.11000061035156,118.11000061035156,476060900
737,2024-06-25,121.19999694824219,126.5,119.31999969482422,126.08999633789062,126.08999633789062,425787500
738,2024-06-26,126.12999725341797,128.1199951171875,122.5999984741211,126.4000015258789,126.4000015258789,362975900
739,2024-06-27,124.0999984741211,126.41000366210938,122.91999816894531,123.98999786376953,123.98999786376953,252571700
740,2024-06-28,124.58000183105469,127.70999908447266,122.75,123.54000091552734,123.54000091552734,315516700
741,2024-07-01,123.47000122070312,124.83999633789062,118.83000183105469,124.30000305175781,124.30000305175781,284885500
742,2024-07-02,121.12999725341797,123.41000366210938,121.02999877929688,122.66999816894531,122.66999816894531,218374000
743,2024-07-03,121.66000366210938,128.27999877929688,121.36000061035156,128.27999877929688,128.27999877929688,215749000
744,2024-07-05,127.37999725341797,128.85000610351562,125.68000030517578,125.83000183105469,125.83000183105469,214176700
745,2024-07-08,127.48999786376953,130.77000427246094,127.04000091552734,128.1999969482422,128.1999969482422,237677300
746,2024-07-09,130.35000610351562,133.82000732421875,128.64999389648438,131.3800048828125,131.3800048828125,285366600
747,2024-07-10,134.02999877929688,135.10000610351562,132.4199981689453,134.91000366210938,134.91000366210938,248978600
748,2024-07-11,135.75,136.14999389648438,127.05000305175781,127.4000015258789,127.4000015258789,374782700
749,2024-07-12,128.25999450683594,131.9199981689453,127.22000122070312,129.24000549316406,129.24000549316406,252103100
750,2024-07-15,130.55999755859375,131.38999938964844,127.18000030517578,128.44000244140625,128.44000244140625,208326200
751,2024-07-16,128.44000244140625,129.0399932861328,124.58000183105469,126.36000061035156,126.36000061035156,214769500
752,2024-07-17,121.3499984741211,121.8499984741211,116.72000122070312,117.98999786376953,117.98999786376953,390086200
753,2024-07-18,121.8499984741211,122.4000015258789,116.55999755859375,121.08999633789062,121.08999633789062,320979500
754,2024-07-19,120.3499984741211,121.5999984741211,117.37000274658203,117.93000030517578,117.93000030517578,216430200
